<Schema name="OnlineRetail">
  <Cube name="Sales">
    <Table name="TransactionView"/>

    <!-- Comprehensive Date/Time Dimension -->
    <Dimension name="Date" type="TimeDimension">
      <Hierarchy hasAll="true" primaryKey="InvoiceDate">
        <Table name="TransactionView"/>
        <Level name="Year" column="Year" type="Numeric" uniqueMembers="true" levelType="TimeYears"/>
        <Level name="Quarter" column="Quarter" type="Numeric" uniqueMembers="false" levelType="TimeQuarters"/>
        <Level name="Month" column="Month" type="Numeric" uniqueMembers="false" levelType="TimeMonths"/>
        <Level name="Day" column="InvoiceDate" type="Date" uniqueMembers="true" levelType="TimeDays"/>
      </Hierarchy>
    </Dimension>

    <!-- Product Dimension -->
    <Dimension name="Product">
      <Hierarchy hasAll="true" allMemberName="All Products">
        <Table name="TransactionView"/>
        <Level name="Stock Code" column="StockCode" type="String" uniqueMembers="true"/>
        <Level name="Description" column="Description" type="String" uniqueMembers="false"/>
      </Hierarchy>
    </Dimension>

    <!-- Customer Dimension -->
    <Dimension name="Customer">
      <Hierarchy hasAll="true" allMemberName="All Customers">
        <Table name="TransactionView"/>
        <Level name="Customer ID" column="CustomerID" type="Numeric" uniqueMembers="true"/>
      </Hierarchy>
    </Dimension>

    <!-- Country Dimension -->
    <Dimension name="Country">
      <Hierarchy hasAll="true" allMemberName="All Countries">
        <Table name="TransactionView"/>
        <Level name="Country" column="Country" type="String" uniqueMembers="true"/>
      </Hierarchy>
    </Dimension>

    <!-- Measures - Add all quantitative fields as measures -->
    <Measure name="Quantity" column="Quantity" aggregator="sum"/>
    <Measure name="Unit Price" column="UnitPrice" aggregator="avg"/>
    <Measure name="Total Price" column="TotalPrice" aggregator="sum"/>
    <Measure name="Count of Transactions" column="InvoiceNo" aggregator="count" visible="true"/>
  </Cube>
</Schema>
