<?xml version="1.0" encoding="UTF-8" standalone="yes"?>
<ns2:ExportManifest xmlns:ns2="http://www.pentaho.com/schema/">
    <ExportManifestInformation exportDate="01-05-2024 11:37:03 EDT" exportBy="admin" rootFolder="/public/" manifestVersion="2"/>
    <ExportManifestEntity path="CS 6400 Project">
        <ExportManifestProperty>
            <EntityMetaData name="CS 6400 Project" createdDate="2024-04-29T16:03:25.339-04:00" isFolder="true" path="CS 6400 Project" isHidden="false" isSchedulable="true" locale="en_US" title="CS 6400 Project"/>
        </ExportManifestProperty>
        <ExportManifestProperty>
            <EntityExtraMetaData/>
        </ExportManifestProperty>
        <ExportManifestProperty>
            <EntityAcl>
                <entriesInheriting>true</entriesInheriting>
                <owner>admin</owner>
                <ownerType>USER</ownerType>
            </EntityAcl>
        </ExportManifestProperty>
    </ExportManifestEntity>
    <ExportManifestEntity path="CS 6400 Project/Product_performance_by_country_heatmap.xanalyzer">
        <ExportManifestProperty>
            <EntityMetaData name="Product_performance_by_country_heatmap.xanalyzer" createdDate="2024-04-29T22:48:40.138-04:00" isFolder="false" path="CS 6400 Project/Product_performance_by_country_heatmap.xanalyzer" isHidden="false" isSchedulable="true" locale="en_US" title="Product_performance_by_country_heatmap"/>
        </ExportManifestProperty>
        <ExportManifestProperty>
            <EntityExtraMetaData/>
        </ExportManifestProperty>
        <ExportManifestProperty>
            <EntityAcl>
                <entriesInheriting>true</entriesInheriting>
                <owner>admin</owner>
                <ownerType>USER</ownerType>
            </EntityAcl>
        </ExportManifestProperty>
    </ExportManifestEntity>
    <ExportManifestEntity path="CS 6400 Project/Sales_by_country.prpt">
        <ExportManifestProperty>
            <EntityMetaData name="Sales_by_country.prpt" createdDate="2024-04-29T16:05:39.632-04:00" isFolder="false" path="CS 6400 Project/Sales_by_country.prpt" isHidden="false" isSchedulable="true" locale="en_US" title="Sales by Country"/>
        </ExportManifestProperty>
        <ExportManifestProperty>
            <EntityExtraMetaData/>
        </ExportManifestProperty>
        <ExportManifestProperty>
            <EntityAcl>
                <entriesInheriting>true</entriesInheriting>
                <owner>admin</owner>
                <ownerType>USER</ownerType>
            </EntityAcl>
        </ExportManifestProperty>
    </ExportManifestEntity>
    <ExportManifestEntity path="CS 6400 Project/most_profitable_products.xanalyzer">
        <ExportManifestProperty>
            <EntityMetaData name="most_profitable_products.xanalyzer" createdDate="2024-04-29T23:44:01.726-04:00" isFolder="false" path="CS 6400 Project/most_profitable_products.xanalyzer" isHidden="false" isSchedulable="true" locale="en_US" title="most_profitable_products"/>
        </ExportManifestProperty>
        <ExportManifestProperty>
            <EntityExtraMetaData/>
        </ExportManifestProperty>
        <ExportManifestProperty>
            <EntityAcl>
                <entriesInheriting>true</entriesInheriting>
                <owner>admin</owner>
                <ownerType>USER</ownerType>
            </EntityAcl>
        </ExportManifestProperty>
    </ExportManifestEntity>
    <ExportManifestEntity path="CS 6400 Project/online_retail_dashboard.xdash">
        <ExportManifestProperty>
            <EntityMetaData name="online_retail_dashboard.xdash" createdDate="2024-04-29T23:46:59.170-04:00" isFolder="false" path="CS 6400 Project/online_retail_dashboard.xdash" isHidden="false" isSchedulable="true" locale="en_US" description="online_retail_dashboard.xdash" title="online_retail_dashboard"/>
        </ExportManifestProperty>
        <ExportManifestProperty>
            <EntityExtraMetaData/>
        </ExportManifestProperty>
        <ExportManifestProperty>
            <EntityAcl>
                <entriesInheriting>true</entriesInheriting>
                <owner>admin</owner>
                <ownerType>USER</ownerType>
            </EntityAcl>
        </ExportManifestProperty>
    </ExportManifestEntity>
    <ExportManifestEntity path="CS 6400 Project/product_analysis_by_date_time_dimension.xanalyzer">
        <ExportManifestProperty>
            <EntityMetaData name="product_analysis_by_date_time_dimension.xanalyzer" createdDate="2024-04-29T22:34:33.689-04:00" isFolder="false" path="CS 6400 Project/product_analysis_by_date_time_dimension.xanalyzer" isHidden="false" isSchedulable="true" locale="en_US" title="product_analysis_by_date_time_dimension"/>
        </ExportManifestProperty>
        <ExportManifestProperty>
            <EntityExtraMetaData/>
        </ExportManifestProperty>
        <ExportManifestProperty>
            <EntityAcl>
                <entriesInheriting>true</entriesInheriting>
                <owner>admin</owner>
                <ownerType>USER</ownerType>
            </EntityAcl>
        </ExportManifestProperty>
    </ExportManifestEntity>
    <ExportManifestEntity path="CS 6400 Project/revenue_over_time_year_quarter_month_bar_chart.xanalyzer">
        <ExportManifestProperty>
            <EntityMetaData name="revenue_over_time_year_quarter_month_bar_chart.xanalyzer" createdDate="2024-04-30T00:15:23.878-04:00" isFolder="false" path="CS 6400 Project/revenue_over_time_year_quarter_month_bar_chart.xanalyzer" isHidden="false" isSchedulable="true" locale="en_US" title="revenue_over_time_year_quarter_month_bar_chart"/>
        </ExportManifestProperty>
        <ExportManifestProperty>
            <EntityExtraMetaData/>
        </ExportManifestProperty>
        <ExportManifestProperty>
            <EntityAcl>
                <entriesInheriting>true</entriesInheriting>
                <owner>admin</owner>
                <ownerType>USER</ownerType>
            </EntityAcl>
        </ExportManifestProperty>
    </ExportManifestEntity>
    <ExportManifestEntity path="CS 6400 Project/total_revenue_per_country_pie_chart.xanalyzer">
        <ExportManifestProperty>
            <EntityMetaData name="total_revenue_per_country_pie_chart.xanalyzer" createdDate="2024-04-29T23:30:30.716-04:00" isFolder="false" path="CS 6400 Project/total_revenue_per_country_pie_chart.xanalyzer" isHidden="false" isSchedulable="true" locale="en_US" title="total_revenue_per_country_pie_chart"/>
        </ExportManifestProperty>
        <ExportManifestProperty>
            <EntityExtraMetaData/>
        </ExportManifestProperty>
        <ExportManifestProperty>
            <EntityAcl>
                <entriesInheriting>true</entriesInheriting>
                <owner>admin</owner>
                <ownerType>USER</ownerType>
            </EntityAcl>
        </ExportManifestProperty>
    </ExportManifestEntity>
    <ExportManifestEntity path="CS 6400 Project/transform_load_data.ktr">
        <ExportManifestProperty>
            <EntityMetaData name="transform_load_data.ktr" createdDate="2024-04-29T16:57:51.836-04:00" isFolder="false" path="CS 6400 Project/transform_load_data.ktr" isHidden="false" isSchedulable="true" locale="en_US" title="transform_load_data"/>
        </ExportManifestProperty>
        <ExportManifestProperty>
            <EntityExtraMetaData/>
        </ExportManifestProperty>
        <ExportManifestProperty>
            <EntityAcl>
                <entriesInheriting>true</entriesInheriting>
                <owner>admin</owner>
                <ownerType>USER</ownerType>
            </EntityAcl>
        </ExportManifestProperty>
    </ExportManifestEntity>
</ns2:ExportManifest>
